"title, company, location, link"
[Global AI]Backend engineer,인코리아프로페셔널,서울,https://www.indeed.com/viewjob?jk=2f4a4b2eb45a293c
한국행동과학연구소 각 부문 수시,한국행동과학연구소,서울 강남구,https://www.indeed.com/viewjob?jk=287a2f9783758916
Kafka 담당자 영입,카카오페이,성남 분당구,https://www.indeed.com/viewjob?jk=97e9de2381da633d
빅데이터 플랫폼(인프라) 운영 담당자 영입,카카오페이증권,성남 분당구,https://www.indeed.com/viewjob?jk=7d25ed345d03c120
Graduate Student Intern,Intel,서울,https://www.indeed.com/viewjob?jk=b7e9e9d0811a05bd
AI 분야,LG유플러스,서울,https://www.indeed.com/viewjob?jk=abdc136f65ceddd4
Python 기반 빅데이터 처리 개발자,드림어스컴퍼니,서울 서초구,https://www.indeed.com/viewjob?jk=d364360d1e0368e3
[디엠씨코넷] 빅데이터 예측분석과 모델링 활용한 서비스 개발자 양성과정 교육생,링크드코리아,서울,https://www.indeed.com/viewjob?jk=9fec0388c43ded76
"서버엔진 개발자 정규직 직원 ( C++, Python )",하몬소프트,서울 금천구,https://www.indeed.com/viewjob?jk=0b15c7881ef76f10
코딩에 빠진 수퍼 개발자 (펌웨어 개발),에바,성남 수정구,https://www.indeed.com/viewjob?jk=f54bac6c78fd3240
[전문연구요원] 의료영상 리서치 엔지니어 정규직,메디픽셀,서울 마포구,https://www.indeed.com/viewjob?jk=3544467a7b64376f
[빅데이터플랫폼] 데이터 엔지니어,한국카카오은행,성남 분당구,https://www.indeed.com/viewjob?jk=0b305608d55da082
R&D Center AI Deep Learning Researcher AI 딥러닝 연구원 (전문연구요원),클레온,서울 성동구,https://www.indeed.com/viewjob?jk=d50ec733dc9580e2
빅데이터 분야,LG유플러스,서울,https://www.indeed.com/viewjob?jk=67c19d7ac0857ecd
서버 개발자 Python(Django) Developer (주니어),아테나스랩,서울 마포구,https://www.indeed.com/viewjob?jk=4abf59df14cb4390
System Engineer (토스뱅크),비바리퍼블리카,서울 강남구,https://www.indeed.com/viewjob?jk=d3a063a898d727cc
"AI연구원(NLP, CV) (일6시간, 주5일)",웨인힐스벤처스,서울 강서구,https://www.indeed.com/viewjob?jk=1826a21949fcd32b
"AI: 데이터분석 통한 예측모델링, 알고리즘, 개인화 추천 전문가 (과장/대리급), TOP금융그룹 투자",코어포인트,서울 영등포구,https://www.indeed.com/viewjob?jk=228e6b23849c5128
[선행기술원] Virtual검증 _ 검증/해석[책임연구원],현대자동차그룹,성남 판교역,https://www.indeed.com/viewjob?jk=0d571c647c477c68
AI Frameworks Engineer Intern,Intel,서울,https://www.indeed.com/viewjob?jk=74dd680945a195f3
[인재풀] 아티스트 ART,Electronic Arts,서울,https://www.indeed.com/viewjob?jk=aac8e9355cb855ac
기술 인턴 인공지능 응용 연구/개발 인턴,써로마인드로보틱스,서울 관악구,https://www.indeed.com/viewjob?jk=71c47ac87bb4087e
DT운영팀 경력직,에스케이쉴더스,서울 강남구,https://www.indeed.com/viewjob?jk=35e35be1efaf9963
(인천 송도) 인공지능(AI)분야 Python 개발 인력,애나,인천 연수구,https://www.indeed.com/viewjob?jk=b6a035d43f41e23b
ML/DL Data Scientist,현대카드 캐피탈,서울 영등포구,https://www.indeed.com/viewjob?jk=8d82ffc3587320ea
Technical Support Engineer-Developer,Microsoft,서울,https://www.indeed.com/viewjob?jk=35b540811a09ac1f
[BLive Div.] Data Analyst (경력 무관),크래프톤,성남 분당구,https://www.indeed.com/viewjob?jk=bc0b04229959306a
파이썬 개발자 초중급 이상,데이터앤솔루션,서울 서초구,https://www.indeed.com/viewjob?jk=d158e683dc0b7500
Software Engineer Intern,Intel,서울,https://www.indeed.com/viewjob?jk=8ab99f09dbabedc5
[외국계 스타트업 미소] Business Analyst Intern (정규직 전환형),유한회사 미소,서울,https://www.indeed.com/viewjob?jk=4c25d6649f8434a8
[TmaxOS/R&D] OS부문 개발자,티맥스소프트,성남 분당구,https://www.indeed.com/viewjob?jk=7829d73123bc5a28
[NAVER Z] 데이터 엔지니어,네이버제트,성남 분당구,https://www.indeed.com/viewjob?jk=61dcca5896040150
[마비노기모바일] 연구 개발 프로그래머,데브캣,서울 강남구,https://www.indeed.com/viewjob?jk=f0c7c08485085240
Software Engineer,Google,서울,https://www.indeed.com/viewjob?jk=0cb4a784529cb1b8
[Cartier] Data Analyst,Cartier,서울,https://www.indeed.com/viewjob?jk=26c133b0874ce9ce
Digital Healthcare(Digital Therapeutics R&D - AI 모델 개발) 경력,SK바이오팜,성남 분당구,https://www.indeed.com/viewjob?jk=3d5088b1ada7a628
[외국계 스타트업 미소] Business Analyst,유한회사 미소,서울,https://www.indeed.com/viewjob?jk=51df90967b46e8f0
플랫폼 콘텐츠 품질 관리자,위대한상상,서울 서초구,https://www.indeed.com/viewjob?jk=866931bc7d56ecec
[뉴플랫폼기술] 클라우드 엔지니어(보안),한국카카오은행,성남 분당구,https://www.indeed.com/viewjob?jk=89f4196100a94fab
신입/경력사원,LG이노텍,서울 마곡역,https://www.indeed.com/viewjob?jk=7e08ac1b6b6f9e19
"Charging Operations Specialist, APAC Charging (English Speak...",Tesla,서울 강남구,https://www.indeed.com/viewjob?jk=a91e307a449bbf1f
딥러닝 AI 개발 연구원,베이리스,성남 수정구,https://www.indeed.com/viewjob?jk=87309d3ff40ead61
Machine Learning Researcher (Computer Vision),BOEING,서울,https://www.indeed.com/viewjob?jk=b3c3e8cf34bf9eca
AI Frameworks Engineer,Intel,서울,https://www.indeed.com/viewjob?jk=07aab0cc98af9ffe
Machine Learning R&D 연구원,카이어,서울 서초구,https://www.indeed.com/viewjob?jk=19da3484bd7a72f1
프론트엔드 개발자/디자이너/기획/마케터 정직원,마이플래닛,성남 수정구,https://www.indeed.com/viewjob?jk=e742db63ad7e269f
"(보충역) 개발자(python, javascript, php등) 및 Network운영자",아틀라스네트웍스,서울,https://www.indeed.com/viewjob?jk=f3b252243810377e
클라우드 보안 엔지니어,뱅크샐러드,서울 영등포구,https://www.indeed.com/viewjob?jk=1821f45d4b71b3d8
"Deep Learning Engineer 딥러닝 엔지니어 계약직, 전문연구요원 전문연",클레온,서울 성동구,https://www.indeed.com/viewjob?jk=7b0b1d6bf1b37ed4
패션고 추천모델링 연구 개발,NHN FashionGo korea,성남 판교역,https://www.indeed.com/viewjob?jk=e13c32ba4eff23da
[Global AI]Backend engineer,인코리아프로페셔널,서울,https://www.indeed.com/viewjob?jk=2f4a4b2eb45a293c
한국행동과학연구소 각 부문 수시,한국행동과학연구소,서울 강남구,https://www.indeed.com/viewjob?jk=287a2f9783758916
Kafka 담당자 영입,카카오페이,성남 분당구,https://www.indeed.com/viewjob?jk=97e9de2381da633d
빅데이터 플랫폼(인프라) 운영 담당자 영입,카카오페이증권,성남 분당구,https://www.indeed.com/viewjob?jk=7d25ed345d03c120
Graduate Student Intern,Intel,서울,https://www.indeed.com/viewjob?jk=b7e9e9d0811a05bd
AI 분야,LG유플러스,서울,https://www.indeed.com/viewjob?jk=abdc136f65ceddd4
Python 기반 빅데이터 처리 개발자,드림어스컴퍼니,서울 서초구,https://www.indeed.com/viewjob?jk=d364360d1e0368e3
[디엠씨코넷] 빅데이터 예측분석과 모델링 활용한 서비스 개발자 양성과정 교육생,링크드코리아,서울,https://www.indeed.com/viewjob?jk=9fec0388c43ded76
"서버엔진 개발자 정규직 직원 ( C++, Python )",하몬소프트,서울 금천구,https://www.indeed.com/viewjob?jk=0b15c7881ef76f10
코딩에 빠진 수퍼 개발자 (펌웨어 개발),에바,성남 수정구,https://www.indeed.com/viewjob?jk=f54bac6c78fd3240
[전문연구요원] 의료영상 리서치 엔지니어 정규직,메디픽셀,서울 마포구,https://www.indeed.com/viewjob?jk=3544467a7b64376f
[빅데이터플랫폼] 데이터 엔지니어,한국카카오은행,성남 분당구,https://www.indeed.com/viewjob?jk=0b305608d55da082
R&D Center AI Deep Learning Researcher AI 딥러닝 연구원 (전문연구요원),클레온,서울 성동구,https://www.indeed.com/viewjob?jk=d50ec733dc9580e2
빅데이터 분야,LG유플러스,서울,https://www.indeed.com/viewjob?jk=67c19d7ac0857ecd
서버 개발자 Python(Django) Developer (주니어),아테나스랩,서울 마포구,https://www.indeed.com/viewjob?jk=4abf59df14cb4390
System Engineer (토스뱅크),비바리퍼블리카,서울 강남구,https://www.indeed.com/viewjob?jk=d3a063a898d727cc
"AI연구원(NLP, CV) (일6시간, 주5일)",웨인힐스벤처스,서울 강서구,https://www.indeed.com/viewjob?jk=1826a21949fcd32b
"AI: 데이터분석 통한 예측모델링, 알고리즘, 개인화 추천 전문가 (과장/대리급), TOP금융그룹 투자",코어포인트,서울 영등포구,https://www.indeed.com/viewjob?jk=228e6b23849c5128
[선행기술원] Virtual검증 _ 검증/해석[책임연구원],현대자동차그룹,성남 판교역,https://www.indeed.com/viewjob?jk=0d571c647c477c68
AI Frameworks Engineer Intern,Intel,서울,https://www.indeed.com/viewjob?jk=74dd680945a195f3
[인재풀] 아티스트 ART,Electronic Arts,서울,https://www.indeed.com/viewjob?jk=aac8e9355cb855ac
기술 인턴 인공지능 응용 연구/개발 인턴,써로마인드로보틱스,서울 관악구,https://www.indeed.com/viewjob?jk=71c47ac87bb4087e
DT운영팀 경력직,에스케이쉴더스,서울 강남구,https://www.indeed.com/viewjob?jk=35e35be1efaf9963
(인천 송도) 인공지능(AI)분야 Python 개발 인력,애나,인천 연수구,https://www.indeed.com/viewjob?jk=b6a035d43f41e23b
ML/DL Data Scientist,현대카드 캐피탈,서울 영등포구,https://www.indeed.com/viewjob?jk=8d82ffc3587320ea
Technical Support Engineer-Developer,Microsoft,서울,https://www.indeed.com/viewjob?jk=35b540811a09ac1f
[BLive Div.] Data Analyst (경력 무관),크래프톤,성남 분당구,https://www.indeed.com/viewjob?jk=bc0b04229959306a
파이썬 개발자 초중급 이상,데이터앤솔루션,서울 서초구,https://www.indeed.com/viewjob?jk=d158e683dc0b7500
Software Engineer Intern,Intel,서울,https://www.indeed.com/viewjob?jk=8ab99f09dbabedc5
[외국계 스타트업 미소] Business Analyst Intern (정규직 전환형),유한회사 미소,서울,https://www.indeed.com/viewjob?jk=4c25d6649f8434a8
[TmaxOS/R&D] OS부문 개발자,티맥스소프트,성남 분당구,https://www.indeed.com/viewjob?jk=7829d73123bc5a28
[NAVER Z] 데이터 엔지니어,네이버제트,성남 분당구,https://www.indeed.com/viewjob?jk=61dcca5896040150
[마비노기모바일] 연구 개발 프로그래머,데브캣,서울 강남구,https://www.indeed.com/viewjob?jk=f0c7c08485085240
Software Engineer,Google,서울,https://www.indeed.com/viewjob?jk=0cb4a784529cb1b8
[Cartier] Data Analyst,Cartier,서울,https://www.indeed.com/viewjob?jk=26c133b0874ce9ce
Digital Healthcare(Digital Therapeutics R&D - AI 모델 개발) 경력,SK바이오팜,성남 분당구,https://www.indeed.com/viewjob?jk=3d5088b1ada7a628
[외국계 스타트업 미소] Business Analyst,유한회사 미소,서울,https://www.indeed.com/viewjob?jk=51df90967b46e8f0
플랫폼 콘텐츠 품질 관리자,위대한상상,서울 서초구,https://www.indeed.com/viewjob?jk=866931bc7d56ecec
[뉴플랫폼기술] 클라우드 엔지니어(보안),한국카카오은행,성남 분당구,https://www.indeed.com/viewjob?jk=89f4196100a94fab
신입/경력사원,LG이노텍,서울 마곡역,https://www.indeed.com/viewjob?jk=7e08ac1b6b6f9e19
"Charging Operations Specialist, APAC Charging (English Speak...",Tesla,서울 강남구,https://www.indeed.com/viewjob?jk=a91e307a449bbf1f
딥러닝 AI 개발 연구원,베이리스,성남 수정구,https://www.indeed.com/viewjob?jk=87309d3ff40ead61
Machine Learning Researcher (Computer Vision),BOEING,서울,https://www.indeed.com/viewjob?jk=b3c3e8cf34bf9eca
AI Frameworks Engineer,Intel,서울,https://www.indeed.com/viewjob?jk=07aab0cc98af9ffe
Machine Learning R&D 연구원,카이어,서울 서초구,https://www.indeed.com/viewjob?jk=19da3484bd7a72f1
프론트엔드 개발자/디자이너/기획/마케터 정직원,마이플래닛,성남 수정구,https://www.indeed.com/viewjob?jk=e742db63ad7e269f
"(보충역) 개발자(python, javascript, php등) 및 Network운영자",아틀라스네트웍스,서울,https://www.indeed.com/viewjob?jk=f3b252243810377e
클라우드 보안 엔지니어,뱅크샐러드,서울 영등포구,https://www.indeed.com/viewjob?jk=1821f45d4b71b3d8
"Deep Learning Engineer 딥러닝 엔지니어 계약직, 전문연구요원 전문연",클레온,서울 성동구,https://www.indeed.com/viewjob?jk=7b0b1d6bf1b37ed4
패션고 추천모델링 연구 개발,NHN FashionGo korea,성남 판교역,https://www.indeed.com/viewjob?jk=e13c32ba4eff23da
[Global AI]Backend engineer,인코리아프로페셔널,서울,https://www.indeed.com/viewjob?jk=2f4a4b2eb45a293c
한국행동과학연구소 각 부문 수시,한국행동과학연구소,서울 강남구,https://www.indeed.com/viewjob?jk=287a2f9783758916
Kafka 담당자 영입,카카오페이,성남 분당구,https://www.indeed.com/viewjob?jk=97e9de2381da633d
빅데이터 플랫폼(인프라) 운영 담당자 영입,카카오페이증권,성남 분당구,https://www.indeed.com/viewjob?jk=7d25ed345d03c120
Graduate Student Intern,Intel,서울,https://www.indeed.com/viewjob?jk=b7e9e9d0811a05bd
AI 분야,LG유플러스,서울,https://www.indeed.com/viewjob?jk=abdc136f65ceddd4
Python 기반 빅데이터 처리 개발자,드림어스컴퍼니,서울 서초구,https://www.indeed.com/viewjob?jk=d364360d1e0368e3
[디엠씨코넷] 빅데이터 예측분석과 모델링 활용한 서비스 개발자 양성과정 교육생,링크드코리아,서울,https://www.indeed.com/viewjob?jk=9fec0388c43ded76
"서버엔진 개발자 정규직 직원 ( C++, Python )",하몬소프트,서울 금천구,https://www.indeed.com/viewjob?jk=0b15c7881ef76f10
코딩에 빠진 수퍼 개발자 (펌웨어 개발),에바,성남 수정구,https://www.indeed.com/viewjob?jk=f54bac6c78fd3240
[전문연구요원] 의료영상 리서치 엔지니어 정규직,메디픽셀,서울 마포구,https://www.indeed.com/viewjob?jk=3544467a7b64376f
[빅데이터플랫폼] 데이터 엔지니어,한국카카오은행,성남 분당구,https://www.indeed.com/viewjob?jk=0b305608d55da082
R&D Center AI Deep Learning Researcher AI 딥러닝 연구원 (전문연구요원),클레온,서울 성동구,https://www.indeed.com/viewjob?jk=d50ec733dc9580e2
빅데이터 분야,LG유플러스,서울,https://www.indeed.com/viewjob?jk=67c19d7ac0857ecd
서버 개발자 Python(Django) Developer (주니어),아테나스랩,서울 마포구,https://www.indeed.com/viewjob?jk=4abf59df14cb4390
System Engineer (토스뱅크),비바리퍼블리카,서울 강남구,https://www.indeed.com/viewjob?jk=d3a063a898d727cc
"AI연구원(NLP, CV) (일6시간, 주5일)",웨인힐스벤처스,서울 강서구,https://www.indeed.com/viewjob?jk=1826a21949fcd32b
"AI: 데이터분석 통한 예측모델링, 알고리즘, 개인화 추천 전문가 (과장/대리급), TOP금융그룹 투자",코어포인트,서울 영등포구,https://www.indeed.com/viewjob?jk=228e6b23849c5128
[선행기술원] Virtual검증 _ 검증/해석[책임연구원],현대자동차그룹,성남 판교역,https://www.indeed.com/viewjob?jk=0d571c647c477c68
AI Frameworks Engineer Intern,Intel,서울,https://www.indeed.com/viewjob?jk=74dd680945a195f3
[인재풀] 아티스트 ART,Electronic Arts,서울,https://www.indeed.com/viewjob?jk=aac8e9355cb855ac
기술 인턴 인공지능 응용 연구/개발 인턴,써로마인드로보틱스,서울 관악구,https://www.indeed.com/viewjob?jk=71c47ac87bb4087e
DT운영팀 경력직,에스케이쉴더스,서울 강남구,https://www.indeed.com/viewjob?jk=35e35be1efaf9963
(인천 송도) 인공지능(AI)분야 Python 개발 인력,애나,인천 연수구,https://www.indeed.com/viewjob?jk=b6a035d43f41e23b
ML/DL Data Scientist,현대카드 캐피탈,서울 영등포구,https://www.indeed.com/viewjob?jk=8d82ffc3587320ea
Technical Support Engineer-Developer,Microsoft,서울,https://www.indeed.com/viewjob?jk=35b540811a09ac1f
[BLive Div.] Data Analyst (경력 무관),크래프톤,성남 분당구,https://www.indeed.com/viewjob?jk=bc0b04229959306a
파이썬 개발자 초중급 이상,데이터앤솔루션,서울 서초구,https://www.indeed.com/viewjob?jk=d158e683dc0b7500
Software Engineer Intern,Intel,서울,https://www.indeed.com/viewjob?jk=8ab99f09dbabedc5
[외국계 스타트업 미소] Business Analyst Intern (정규직 전환형),유한회사 미소,서울,https://www.indeed.com/viewjob?jk=4c25d6649f8434a8
[TmaxOS/R&D] OS부문 개발자,티맥스소프트,성남 분당구,https://www.indeed.com/viewjob?jk=7829d73123bc5a28
[NAVER Z] 데이터 엔지니어,네이버제트,성남 분당구,https://www.indeed.com/viewjob?jk=61dcca5896040150
[마비노기모바일] 연구 개발 프로그래머,데브캣,서울 강남구,https://www.indeed.com/viewjob?jk=f0c7c08485085240
Software Engineer,Google,서울,https://www.indeed.com/viewjob?jk=0cb4a784529cb1b8
[Cartier] Data Analyst,Cartier,서울,https://www.indeed.com/viewjob?jk=26c133b0874ce9ce
Digital Healthcare(Digital Therapeutics R&D - AI 모델 개발) 경력,SK바이오팜,성남 분당구,https://www.indeed.com/viewjob?jk=3d5088b1ada7a628
[외국계 스타트업 미소] Business Analyst,유한회사 미소,서울,https://www.indeed.com/viewjob?jk=51df90967b46e8f0
플랫폼 콘텐츠 품질 관리자,위대한상상,서울 서초구,https://www.indeed.com/viewjob?jk=866931bc7d56ecec
[뉴플랫폼기술] 클라우드 엔지니어(보안),한국카카오은행,성남 분당구,https://www.indeed.com/viewjob?jk=89f4196100a94fab
신입/경력사원,LG이노텍,서울 마곡역,https://www.indeed.com/viewjob?jk=7e08ac1b6b6f9e19
"Charging Operations Specialist, APAC Charging (English Speak...",Tesla,서울 강남구,https://www.indeed.com/viewjob?jk=a91e307a449bbf1f
딥러닝 AI 개발 연구원,베이리스,성남 수정구,https://www.indeed.com/viewjob?jk=87309d3ff40ead61
Machine Learning Researcher (Computer Vision),BOEING,서울,https://www.indeed.com/viewjob?jk=b3c3e8cf34bf9eca
AI Frameworks Engineer,Intel,서울,https://www.indeed.com/viewjob?jk=07aab0cc98af9ffe
Machine Learning R&D 연구원,카이어,서울 서초구,https://www.indeed.com/viewjob?jk=19da3484bd7a72f1
프론트엔드 개발자/디자이너/기획/마케터 정직원,마이플래닛,성남 수정구,https://www.indeed.com/viewjob?jk=e742db63ad7e269f
"(보충역) 개발자(python, javascript, php등) 및 Network운영자",아틀라스네트웍스,서울,https://www.indeed.com/viewjob?jk=f3b252243810377e
클라우드 보안 엔지니어,뱅크샐러드,서울 영등포구,https://www.indeed.com/viewjob?jk=1821f45d4b71b3d8
"Deep Learning Engineer 딥러닝 엔지니어 계약직, 전문연구요원 전문연",클레온,서울 성동구,https://www.indeed.com/viewjob?jk=7b0b1d6bf1b37ed4
패션고 추천모델링 연구 개발,NHN FashionGo korea,성남 판교역,https://www.indeed.com/viewjob?jk=e13c32ba4eff23da
[Global AI]Backend engineer,인코리아프로페셔널,서울,https://www.indeed.com/viewjob?jk=2f4a4b2eb45a293c
한국행동과학연구소 각 부문 수시,한국행동과학연구소,서울 강남구,https://www.indeed.com/viewjob?jk=287a2f9783758916
Kafka 담당자 영입,카카오페이,성남 분당구,https://www.indeed.com/viewjob?jk=97e9de2381da633d
빅데이터 플랫폼(인프라) 운영 담당자 영입,카카오페이증권,성남 분당구,https://www.indeed.com/viewjob?jk=7d25ed345d03c120
Graduate Student Intern,Intel,서울,https://www.indeed.com/viewjob?jk=b7e9e9d0811a05bd
AI 분야,LG유플러스,서울,https://www.indeed.com/viewjob?jk=abdc136f65ceddd4
Python 기반 빅데이터 처리 개발자,드림어스컴퍼니,서울 서초구,https://www.indeed.com/viewjob?jk=d364360d1e0368e3
[디엠씨코넷] 빅데이터 예측분석과 모델링 활용한 서비스 개발자 양성과정 교육생,링크드코리아,서울,https://www.indeed.com/viewjob?jk=9fec0388c43ded76
"서버엔진 개발자 정규직 직원 ( C++, Python )",하몬소프트,서울 금천구,https://www.indeed.com/viewjob?jk=0b15c7881ef76f10
코딩에 빠진 수퍼 개발자 (펌웨어 개발),에바,성남 수정구,https://www.indeed.com/viewjob?jk=f54bac6c78fd3240
[전문연구요원] 의료영상 리서치 엔지니어 정규직,메디픽셀,서울 마포구,https://www.indeed.com/viewjob?jk=3544467a7b64376f
[빅데이터플랫폼] 데이터 엔지니어,한국카카오은행,성남 분당구,https://www.indeed.com/viewjob?jk=0b305608d55da082
R&D Center AI Deep Learning Researcher AI 딥러닝 연구원 (전문연구요원),클레온,서울 성동구,https://www.indeed.com/viewjob?jk=d50ec733dc9580e2
빅데이터 분야,LG유플러스,서울,https://www.indeed.com/viewjob?jk=67c19d7ac0857ecd
서버 개발자 Python(Django) Developer (주니어),아테나스랩,서울 마포구,https://www.indeed.com/viewjob?jk=4abf59df14cb4390
System Engineer (토스뱅크),비바리퍼블리카,서울 강남구,https://www.indeed.com/viewjob?jk=d3a063a898d727cc
"AI연구원(NLP, CV) (일6시간, 주5일)",웨인힐스벤처스,서울 강서구,https://www.indeed.com/viewjob?jk=1826a21949fcd32b
"AI: 데이터분석 통한 예측모델링, 알고리즘, 개인화 추천 전문가 (과장/대리급), TOP금융그룹 투자",코어포인트,서울 영등포구,https://www.indeed.com/viewjob?jk=228e6b23849c5128
[선행기술원] Virtual검증 _ 검증/해석[책임연구원],현대자동차그룹,성남 판교역,https://www.indeed.com/viewjob?jk=0d571c647c477c68
AI Frameworks Engineer Intern,Intel,서울,https://www.indeed.com/viewjob?jk=74dd680945a195f3
[인재풀] 아티스트 ART,Electronic Arts,서울,https://www.indeed.com/viewjob?jk=aac8e9355cb855ac
기술 인턴 인공지능 응용 연구/개발 인턴,써로마인드로보틱스,서울 관악구,https://www.indeed.com/viewjob?jk=71c47ac87bb4087e
DT운영팀 경력직,에스케이쉴더스,서울 강남구,https://www.indeed.com/viewjob?jk=35e35be1efaf9963
(인천 송도) 인공지능(AI)분야 Python 개발 인력,애나,인천 연수구,https://www.indeed.com/viewjob?jk=b6a035d43f41e23b
ML/DL Data Scientist,현대카드 캐피탈,서울 영등포구,https://www.indeed.com/viewjob?jk=8d82ffc3587320ea
Technical Support Engineer-Developer,Microsoft,서울,https://www.indeed.com/viewjob?jk=35b540811a09ac1f
[BLive Div.] Data Analyst (경력 무관),크래프톤,성남 분당구,https://www.indeed.com/viewjob?jk=bc0b04229959306a
파이썬 개발자 초중급 이상,데이터앤솔루션,서울 서초구,https://www.indeed.com/viewjob?jk=d158e683dc0b7500
Software Engineer Intern,Intel,서울,https://www.indeed.com/viewjob?jk=8ab99f09dbabedc5
[외국계 스타트업 미소] Business Analyst Intern (정규직 전환형),유한회사 미소,서울,https://www.indeed.com/viewjob?jk=4c25d6649f8434a8
[TmaxOS/R&D] OS부문 개발자,티맥스소프트,성남 분당구,https://www.indeed.com/viewjob?jk=7829d73123bc5a28
[NAVER Z] 데이터 엔지니어,네이버제트,성남 분당구,https://www.indeed.com/viewjob?jk=61dcca5896040150
[마비노기모바일] 연구 개발 프로그래머,데브캣,서울 강남구,https://www.indeed.com/viewjob?jk=f0c7c08485085240
Software Engineer,Google,서울,https://www.indeed.com/viewjob?jk=0cb4a784529cb1b8
[Cartier] Data Analyst,Cartier,서울,https://www.indeed.com/viewjob?jk=26c133b0874ce9ce
Digital Healthcare(Digital Therapeutics R&D - AI 모델 개발) 경력,SK바이오팜,성남 분당구,https://www.indeed.com/viewjob?jk=3d5088b1ada7a628
[외국계 스타트업 미소] Business Analyst,유한회사 미소,서울,https://www.indeed.com/viewjob?jk=51df90967b46e8f0
플랫폼 콘텐츠 품질 관리자,위대한상상,서울 서초구,https://www.indeed.com/viewjob?jk=866931bc7d56ecec
[뉴플랫폼기술] 클라우드 엔지니어(보안),한국카카오은행,성남 분당구,https://www.indeed.com/viewjob?jk=89f4196100a94fab
신입/경력사원,LG이노텍,서울 마곡역,https://www.indeed.com/viewjob?jk=7e08ac1b6b6f9e19
"Charging Operations Specialist, APAC Charging (English Speak...",Tesla,서울 강남구,https://www.indeed.com/viewjob?jk=a91e307a449bbf1f
딥러닝 AI 개발 연구원,베이리스,성남 수정구,https://www.indeed.com/viewjob?jk=87309d3ff40ead61
Machine Learning Researcher (Computer Vision),BOEING,서울,https://www.indeed.com/viewjob?jk=b3c3e8cf34bf9eca
AI Frameworks Engineer,Intel,서울,https://www.indeed.com/viewjob?jk=07aab0cc98af9ffe
Machine Learning R&D 연구원,카이어,서울 서초구,https://www.indeed.com/viewjob?jk=19da3484bd7a72f1
프론트엔드 개발자/디자이너/기획/마케터 정직원,마이플래닛,성남 수정구,https://www.indeed.com/viewjob?jk=e742db63ad7e269f
"(보충역) 개발자(python, javascript, php등) 및 Network운영자",아틀라스네트웍스,서울,https://www.indeed.com/viewjob?jk=f3b252243810377e
클라우드 보안 엔지니어,뱅크샐러드,서울 영등포구,https://www.indeed.com/viewjob?jk=1821f45d4b71b3d8
"Deep Learning Engineer 딥러닝 엔지니어 계약직, 전문연구요원 전문연",클레온,서울 성동구,https://www.indeed.com/viewjob?jk=7b0b1d6bf1b37ed4
패션고 추천모델링 연구 개발,NHN FashionGo korea,성남 판교역,https://www.indeed.com/viewjob?jk=e13c32ba4eff23da
[Global AI]Backend engineer,인코리아프로페셔널,서울,https://www.indeed.com/viewjob?jk=2f4a4b2eb45a293c
한국행동과학연구소 각 부문 수시,한국행동과학연구소,서울 강남구,https://www.indeed.com/viewjob?jk=287a2f9783758916
Kafka 담당자 영입,카카오페이,성남 분당구,https://www.indeed.com/viewjob?jk=97e9de2381da633d
빅데이터 플랫폼(인프라) 운영 담당자 영입,카카오페이증권,성남 분당구,https://www.indeed.com/viewjob?jk=7d25ed345d03c120
Graduate Student Intern,Intel,서울,https://www.indeed.com/viewjob?jk=b7e9e9d0811a05bd
AI 분야,LG유플러스,서울,https://www.indeed.com/viewjob?jk=abdc136f65ceddd4
Python 기반 빅데이터 처리 개발자,드림어스컴퍼니,서울 서초구,https://www.indeed.com/viewjob?jk=d364360d1e0368e3
[디엠씨코넷] 빅데이터 예측분석과 모델링 활용한 서비스 개발자 양성과정 교육생,링크드코리아,서울,https://www.indeed.com/viewjob?jk=9fec0388c43ded76
"서버엔진 개발자 정규직 직원 ( C++, Python )",하몬소프트,서울 금천구,https://www.indeed.com/viewjob?jk=0b15c7881ef76f10
코딩에 빠진 수퍼 개발자 (펌웨어 개발),에바,성남 수정구,https://www.indeed.com/viewjob?jk=f54bac6c78fd3240
[전문연구요원] 의료영상 리서치 엔지니어 정규직,메디픽셀,서울 마포구,https://www.indeed.com/viewjob?jk=3544467a7b64376f
[빅데이터플랫폼] 데이터 엔지니어,한국카카오은행,성남 분당구,https://www.indeed.com/viewjob?jk=0b305608d55da082
R&D Center AI Deep Learning Researcher AI 딥러닝 연구원 (전문연구요원),클레온,서울 성동구,https://www.indeed.com/viewjob?jk=d50ec733dc9580e2
빅데이터 분야,LG유플러스,서울,https://www.indeed.com/viewjob?jk=67c19d7ac0857ecd
서버 개발자 Python(Django) Developer (주니어),아테나스랩,서울 마포구,https://www.indeed.com/viewjob?jk=4abf59df14cb4390
System Engineer (토스뱅크),비바리퍼블리카,서울 강남구,https://www.indeed.com/viewjob?jk=d3a063a898d727cc
"AI연구원(NLP, CV) (일6시간, 주5일)",웨인힐스벤처스,서울 강서구,https://www.indeed.com/viewjob?jk=1826a21949fcd32b
"AI: 데이터분석 통한 예측모델링, 알고리즘, 개인화 추천 전문가 (과장/대리급), TOP금융그룹 투자",코어포인트,서울 영등포구,https://www.indeed.com/viewjob?jk=228e6b23849c5128
[선행기술원] Virtual검증 _ 검증/해석[책임연구원],현대자동차그룹,성남 판교역,https://www.indeed.com/viewjob?jk=0d571c647c477c68
AI Frameworks Engineer Intern,Intel,서울,https://www.indeed.com/viewjob?jk=74dd680945a195f3
[인재풀] 아티스트 ART,Electronic Arts,서울,https://www.indeed.com/viewjob?jk=aac8e9355cb855ac
기술 인턴 인공지능 응용 연구/개발 인턴,써로마인드로보틱스,서울 관악구,https://www.indeed.com/viewjob?jk=71c47ac87bb4087e
DT운영팀 경력직,에스케이쉴더스,서울 강남구,https://www.indeed.com/viewjob?jk=35e35be1efaf9963
(인천 송도) 인공지능(AI)분야 Python 개발 인력,애나,인천 연수구,https://www.indeed.com/viewjob?jk=b6a035d43f41e23b
ML/DL Data Scientist,현대카드 캐피탈,서울 영등포구,https://www.indeed.com/viewjob?jk=8d82ffc3587320ea
Technical Support Engineer-Developer,Microsoft,서울,https://www.indeed.com/viewjob?jk=35b540811a09ac1f
[BLive Div.] Data Analyst (경력 무관),크래프톤,성남 분당구,https://www.indeed.com/viewjob?jk=bc0b04229959306a
파이썬 개발자 초중급 이상,데이터앤솔루션,서울 서초구,https://www.indeed.com/viewjob?jk=d158e683dc0b7500
Software Engineer Intern,Intel,서울,https://www.indeed.com/viewjob?jk=8ab99f09dbabedc5
[외국계 스타트업 미소] Business Analyst Intern (정규직 전환형),유한회사 미소,서울,https://www.indeed.com/viewjob?jk=4c25d6649f8434a8
[TmaxOS/R&D] OS부문 개발자,티맥스소프트,성남 분당구,https://www.indeed.com/viewjob?jk=7829d73123bc5a28
[NAVER Z] 데이터 엔지니어,네이버제트,성남 분당구,https://www.indeed.com/viewjob?jk=61dcca5896040150
[마비노기모바일] 연구 개발 프로그래머,데브캣,서울 강남구,https://www.indeed.com/viewjob?jk=f0c7c08485085240
Software Engineer,Google,서울,https://www.indeed.com/viewjob?jk=0cb4a784529cb1b8
[Cartier] Data Analyst,Cartier,서울,https://www.indeed.com/viewjob?jk=26c133b0874ce9ce
Digital Healthcare(Digital Therapeutics R&D - AI 모델 개발) 경력,SK바이오팜,성남 분당구,https://www.indeed.com/viewjob?jk=3d5088b1ada7a628
[외국계 스타트업 미소] Business Analyst,유한회사 미소,서울,https://www.indeed.com/viewjob?jk=51df90967b46e8f0
플랫폼 콘텐츠 품질 관리자,위대한상상,서울 서초구,https://www.indeed.com/viewjob?jk=866931bc7d56ecec
[뉴플랫폼기술] 클라우드 엔지니어(보안),한국카카오은행,성남 분당구,https://www.indeed.com/viewjob?jk=89f4196100a94fab
신입/경력사원,LG이노텍,서울 마곡역,https://www.indeed.com/viewjob?jk=7e08ac1b6b6f9e19
"Charging Operations Specialist, APAC Charging (English Speak...",Tesla,서울 강남구,https://www.indeed.com/viewjob?jk=a91e307a449bbf1f
딥러닝 AI 개발 연구원,베이리스,성남 수정구,https://www.indeed.com/viewjob?jk=87309d3ff40ead61
Machine Learning Researcher (Computer Vision),BOEING,서울,https://www.indeed.com/viewjob?jk=b3c3e8cf34bf9eca
AI Frameworks Engineer,Intel,서울,https://www.indeed.com/viewjob?jk=07aab0cc98af9ffe
Machine Learning R&D 연구원,카이어,서울 서초구,https://www.indeed.com/viewjob?jk=19da3484bd7a72f1
프론트엔드 개발자/디자이너/기획/마케터 정직원,마이플래닛,성남 수정구,https://www.indeed.com/viewjob?jk=e742db63ad7e269f
"(보충역) 개발자(python, javascript, php등) 및 Network운영자",아틀라스네트웍스,서울,https://www.indeed.com/viewjob?jk=f3b252243810377e
클라우드 보안 엔지니어,뱅크샐러드,서울 영등포구,https://www.indeed.com/viewjob?jk=1821f45d4b71b3d8
"Deep Learning Engineer 딥러닝 엔지니어 계약직, 전문연구요원 전문연",클레온,서울 성동구,https://www.indeed.com/viewjob?jk=7b0b1d6bf1b37ed4
패션고 추천모델링 연구 개발,NHN FashionGo korea,성남 판교역,https://www.indeed.com/viewjob?jk=e13c32ba4eff23da
